<?xml version="1.0" encoding="utf-8"?>
<extension type="module" version="1.6" client="site" method="upgrade">
	<name>FLEXIcontent Universal Content Module</name>
	<author>Emmanuel Danan</author>
	<creationDate>12/04/2011</creationDate>
	<copyright>(C) 2009 Emmanuel Danan</copyright>
	<license>http://www.gnu.org/licenses/gpl-2.0.html GNU/GPL</license>
	<authorEmail>emmanuel@vistamedia.fr</authorEmail>
	<authorUrl>http://www.flexicontent.org</authorUrl>
	<version>1.3</version>
	<description>Universal content module for the FLEXIcontent Component</description>
	
	<files>
		<filename module="mod_flexicontent">mod_flexicontent.php</filename>
		<filename>index.html</filename>
		<filename>helper.php</filename>
		<folder>elements</folder>
		<folder>classes</folder>
		<folder>tmpl</folder>
		<folder>tmpl_common</folder>
	</files>
	
	<languages>
		<language tag="en-GB">languages/en-GB.mod_flexicontent.ini</language>
	</languages>
	
	<config>
	<fields name="params" addfieldpath="/modules/mod_flexicontent/elements">
		<fieldset name="basic">
			<field name="layout" type="filelist" label="FLEXI_CHOOSE_TMPL" 
						description="FLEXI_CHOOSE_TMPL_DESC" 
						directory="/modules/mod_flexicontent/tmpl" 
						default="news" hide_default="1" hide_none="1" 
						stripext="1" filter="\.php$" exclude="^_" />
			
			<field name="" type="separator" default="FLEXI_MODULE_DISPLAY_RULES" description="FLEXI_MODULE_DISPLAY_RULES_DESC" level="level1" menu="hide" />
			<field name="combine_show_rules" type="radio" default="AND" label="FLEXI_COMBINE_SHOW_RULES" description="FLEXI_COMBINE_SHOW_RULES_DESC">
				<option value="OR">FLEXI_OR</option>
				<option value="AND">FLEXI_AND</option>
			</field>

			<field name="" type="separator" default="FLEXI_FLEXI_VIEW_RULES" level="level2" menu="hide" />
			<field name="show_in_views" type="fccheckbox" default=""
					checkoptions="FLEXI_CATEGORY_V,FLEXI_ITEM_V,FLEXI_FAVOURITES_V,FLEXI_TAGS_V,FLEXI_SEARCH_V,FLEXI_OTHERS_V" checkvals="category,item,favourites,tags,search,others"
					defaultvals="category,item,favourites,tags,search,others"
					label="FLEXI_SHOW_IN_VIEWS" description="FLEXI_SHOW_IN_VIEWS_DESC"
			/>
			
			<field name="" type="separator" default="FLEXI_PHP_EXPRESSION_RULE" level="level2" menu="hide" />
			<field name="enable_php_rule" type="radio" default="0" label="FLEXI_ENABLE_RULE" description="FLEXI_ENABLE_RULE_DESC">
				<option value="0">FLEXI_NO</option>
				<option value="1">FLEXI_YES</option>
			</field>
			<field name="php_rule" type="textarea" rows="5" cols="40" label="FLEXI_PHP_EXPRESSION" description="FLEXI_PHP_EXPRESSION_DESC" />
			
			<field name="" type="separator" default="FLEXI_BEHAVIOUR" level="level1" menu="hide" />
			<field name="apply_config_per_category" type="radio" default="0" label="FLEXI_MOD_APPLY_CON_PER_CAT" description="FLEXI_MOD_APPLY_CON_PER_CAT_DESC">
				<option value="0">FLEXI_NO</option>
				<option value="1">FLEXI_YES</option>
			</field>
			<field name="display_favlist" type="radio" default="0" label="FLEXI_MOD_RECENT_FAVOURITES_LIST" description="FLEXI_MOD_RECENT_FAVOURITES_LIST_DESC">
				<option value="0">FLEXI_HIDE</option>
				<option value="1">FLEXI_SHOW</option>
			</field>
			<field name="itemid_force" type="radio" default="0" label="FLEXI_MOD_FORCE_MENU_ITEMID" description="FLEXI_MOD_FORCE_MENU_ITEMID_DESC">
				<option value="0">FLEXI_NO</option>
				<option value="1">FLEXI_MOD_CURRENT</option>
				<option value="2">FLEXI_MOD_SPECIFIC</option>
			</field>
			<field name="itemid_force_value" type="text" default="" label="FLEXI_MOD_SPECIFIC_MENU_ITEMID" description="FLEXI_MOD_SPECIFIC_MENU_ITEMID_DESC" />
			
			<field name="" type="separator" default="FLEXI_FETCHING" level="level1" menu="hide" />
			<field name="count" type="text" default="5" size="3" label="FLEXI_COUNT" description="FLEXI_COUNT_DESC" />
			<field name="count_feat" type="text" default="1" size="3" label="FLEXI_COUNT_FEAT" description="FLEXI_COUNT_FEAT_DESC" />
			<field name="ordering" type="fcordering" default="0" multiple="true" cols="25" rows="10" label="FLEXI_ORDERING_GROUPS" description="FLEXI_ORDERING_GROUPS_DESC" />
			<field name="ordering_addtitle" type="radio" default="0" label="FLEXI_ORDERING_GROUP_ADDTITLE" description="FLEXI_ORDERING_GROUP_ADDTITLE_DESC">
				<option value="0">FLEXI_NO</option>
				<option value="1">FLEXI_YES</option>
			</field>
			<field name="item_columns" type="list" default="1" label="FLEXI_COLS_DEFAULT_ITEMS" description="FLEXI_COLS_DEFAULT_ITEMS_DESC">
				<option value="1">1</option>
				<option value="2">2</option>
			</field>
			
			<field name="" type="separator" default="FLEXI_EMPTY_FIELD_FILTER" level="level1" menu="hide" />
			<field name="skip_items" type="radio" default="0" label="FLEXI_SKIP_ITEMS" description="FLEXI_SKIP_ITEMS_DESC">
				<option value="0">FLEXI_NO</option>
				<option value="1">FLEXI_YES</option>
			</field>
			<field name="skiponempty_fields" type="textarea" cols="35" rows="4" default="" label="FLEXI_EMPTY_FIELDS_LIST" description="FLEXI_EMPTY_FIELDS_LIST_DESC" />
			<field name="maxskipcount" type="text" default="50" size="4" label="FLEXI_MAX_SKIP_COUNT" description="FLEXI_MAX_SKIP_COUNT_DESC" />
			<field name="onempty_fields_combination" type="radio" default="any" label="FLEXI_EMPTY_FIELDS_COMBINATION" description="FLEXI_EMPTY_FIELDS_COMBINATION_DESC">
				<option value="any">FLEXI_SKIP_ON_ANY_EMPTY</option>
				<option value="all">FLEXI_SKIP_WHEN_ALL_EMPTY</option>
			</field>
			<field name="striptags_onempty_fields" type="radio" default="0" label="FLEXI_STRIP_HTML_ON_EMPTY_FIELDS" description="FLEXI_STRIP_HTML_ON_EMPTY_FIELDS_DESC">
				<option value="0">FLEXI_NO</option>
				<option value="1">FLEXI_YES</option>
			</field>
		</fieldset>
		
		<fieldset name="FLEXI_SCOPE" label="FLEXI_SCOPE">
		
			<field name="" type="separator" default="FLEXI_CURITEM_SCOPE" level="level1" menu="hide" />
			<field name="method_curitem" type="radio" default="1" label="FLEXI_METHOD" description="FLEXI_CURITEM_DESC">
				<option value="0">FLEXI_ALL</option>
				<option value="1">FLEXI_EXCLUDE</option>
				<option value="2">FLEXI_INCLUDE_CURRENT_ONLY</option>
			</field>
			
			<field name="" type="separator" default="FLEXI_CURLANG_SCOPE" level="level1" menu="hide" />
			<field name="method_curlang" type="radio" default="0" label="FLEXI_METHOD" description="FLEXI_CURLANG_DESC">
				<option value="0">FLEXI_ALL</option>
				<option value="1">FLEXI_EXCLUDE</option>
				<option value="2">FLEXI_INCLUDE_CURRENT_ONLY</option>
			</field>
			
			<field name="" type="separator" default="FLEXI_CURUSERFAVS_SCOPE" level="level1" menu="hide" />
			<field name="method_curuserfavs" type="radio" default="0" label="FLEXI_METHOD" description="FLEXI_CURUSERFAVS_DESC">
				<option value="0">FLEXI_ALL</option>
				<option value="1">FLEXI_EXCLUDE</option>
				<option value="2">FLEXI_INCLUDE</option>
			</field>
			
			
			<field name="" type="separator" default="FLEXI_FEATURED_ITEMS_SCOPE" level="level1" menu="hide" />
			<field name="method_featured" type="radio" default="0" label="FLEXI_METHOD" description="FLEXI_FEATURED_ITEMS_DESC">
				<option value="0">FLEXI_ALL</option>
				<option value="1">FLEXI_EXCLUDE</option>
				<option value="2">FLEXI_INCLUDE</option>
			</field>
			
			<field name="" type="separator" default="FLEXI_STATES_SCOPE" level="level1" menu="hide" />
			<field name="method_states" type="radio" default="0" label="FLEXI_METHOD" description="FLEXI_STATES_DESC">
				<option value="0">FLEXI_NORMAL_STATES</option>
				<option value="1">FLEXI_EXCLUDE</option>
				<option value="2">FLEXI_INCLUDE</option>
			</field>
			<field name="item_states" type="fcitemstate" multiple="true" size="6" default="" label="FLEXI_ITEM_STATES" description="FLEXI_ITEM_STATES_DESC" />
			
			<field name="" type="separator" default="FLEXI_CAT_SCOPE" level="level1" menu="hide" />
			<field name="method_cat" type="fcmethod" default="1" label="FLEXI_METHOD" description="FLEXI_METHOD_DESC" />
			<field name="catids" type="flexicategories" multiple="true" label="FLEXI_CATEGORIES" description="FLEXI_CATEGORIES_DESC" />
			<field name="behaviour_cat" type="list" default="0" label="FLEXI_BEHAVIOUR_STATIC_DYNAMIC" description="FLEXI_BEHAVIOUR_STATIC_DYNAMIC_DESC">
				<option value="0">FLEXI_STATIC_DO_NOT_COMPARE_CURRENT_ITEM</option>
				<option value="1">FLEXI_SAME_CAT</option>
				<option value="2">FLEXI_NOT_SAME_CAT</option>
			</field>
			<field name="treeinclude" type="list" default="0" label="FLEXI_INCLUDE_EXTRACATS" description="FLEXI_INCLUDE_EXTRACATS_DESC">
				<option value="0">FLEXI_NONE</option>
				<option value="1">FLEXI_CHILDREN</option>
				<option value="2">FLEXI_PARENTS</option>
				<option value="3">FLEXI_CHILDREN_PARENTS</option>
				<option value="4">FLEXI_OTHER_CATS_OF_ITEM</option>
			</field>
			
			<field name="" type="separator" default="FLEXI_TYPES_SCOPE" level="level1" menu="hide" />
			<field name="method_types" type="fcmethod" default="1" label="FLEXI_METHOD" description="FLEXI_METHOD_DESC" />
			<field name="types" type="types" multiple="true" size="5" label="FLEXI_TYPES" description="FLEXI_TYPES_DESC" />
			<field name="behaviour_types" type="list" default="0" label="FLEXI_BEHAVIOUR_STATIC_DYNAMIC" description="FLEXI_BEHAVIOUR_STATIC_DYNAMIC_DESC">
				<option value="0">FLEXI_STATIC_DO_NOT_COMPARE_CURRENT_ITEM</option>
				<option value="1">FLEXI_SAME_TYPE</option>
				<option value="2">FLEXI_NOT_SAME_TYPE</option>
			</field>
	
			<field name="" type="separator" default="FLEXI_AUTH_SCOPE" level="level1" menu="hide" />
			<field name="method_auth" type="radio" default="1" label="FLEXI_METHOD" description="FLEXI_METHOD_DESC">
				<option value="1">FLEXI_ALL</option>
				<option value="2">FLEXI_EXCLUDE</option>
				<option value="3">FLEXI_INCLUDE</option>
			</field>
			<field name="authors" type="text" default="" size="50" label="FLEXI_AUTHORS" description="FLEXI_AUTHORS_DESC" />
			<field name="behaviour_auth" type="list" default="0" label="FLEXI_BEHAVIOUR_STATIC_DYNAMIC" description="FLEXI_BEHAVIOUR_STATIC_DYNAMIC_DESC">
				<option value="0">FLEXI_STATIC_DO_NOT_COMPARE_CURRENT_ITEM</option>
				<option value="1">FLEXI_SAME_AUTHOR</option>
				<option value="2">FLEXI_NOT_SAME_AUTHOR</option>
			</field>
			
			<field name="" type="separator" default="FLEXI_ITEM_SCOPE" level="level1" menu="hide" />
			<field name="method_items" type="radio" default="1" label="FLEXI_METHOD" description="FLEXI_METHOD_DESC">
				<option value="1">FLEXI_ALL</option>
				<option value="2">FLEXI_EXCLUDE</option>
				<option value="3">FLEXI_INCLUDE</option>
			</field>
			<field name="items" type="text" default="" size="50" label="FLEXI_SELECT_ITEM" description="FLEXI_SELECT_ITEM_DESC" />
			<field name="behaviour_items" type="list" default="0" label="FLEXI_BEHAVIOUR_STATIC_DYNAMIC" description="FLEXI_BEHAVIOUR_STATIC_DYNAMIC_DESC">
				<option value="0">FLEXI_STATIC_DO_NOT_COMPARE_CURRENT_ITEM</option>
				<option value="1">FLEXI_RELATED_COMMON_TAGS</option>
				<option value="2">FLEXI_RELATED_RELITEMS_FIELD</option>
			</field>
			<field name="excluded_tags" type="tags" default="" multiple="true" size="6" label="FLEXI_EXCLUDED_TAGS" description="FLEXI_EXCLUDED_TAGS_DESC" />
			<field name="relitems_fields" type="fields" default="" multiple="true" size="3" field_type="relateditems" label="FLEXI_SELECT_RELITEMS_FIELD" description="FLEXI_SELECT_RELITEMS_FIELD_DESC" />
			
			<field name="" type="separator" default="FLEXI_TAGS_SCOPE" level="level1" menu="hide" />
			<field name="method_tags" type="radio" default="1" label="FLEXI_METHOD" description="FLEXI_METHOD_DESC">
				<option value="1">FLEXI_ALL</option>
				<option value="2">FLEXI_EXCLUDE</option>
				<option value="3">FLEXI_INCLUDE</option>
			</field>
			<field name="tag_ids" type="tags" default="" multiple="true" size="6" label="FLEXI_SELECT_TAGS" description="FLEXI_SELECT_TAGS_DESC" />
	
			<field name="" type="separator" default="FLEXI_DATES_SCOPE" level="level1" menu="hide" />
			<field name="raw_bdate" type="radio" default="0" label="FLEXI_TREAT_BDATE_AS" description="FLEXI_TREAT_XDATE_AS_DESC">
				<option value="0">FLEXI_DATE_STRING</option>
				<option value="1">FLEXI_DATE_EXPRESSION</option>
			</field>
			<field name="raw_edate" type="radio" default="0" label="FLEXI_TREAT_EDATE_AS" description="FLEXI_TREAT_XDATE_AS_DESC">
				<option value="0">FLEXI_DATE_STRING</option>
				<option value="1">FLEXI_DATE_EXPRESSION</option>
			</field>
			<field name="bdate" type="fcdate" size="50" label="FLEXI_BDATE" description="FLEXI_BDATE_DESC" />
			<field name="edate" type="fcdate" size="50" label="FLEXI_EDATE" description="FLEXI_EDATE_DESC" />
			
			<field name="behaviour_dates" type="list" default="0" label="FLEXI_BEHAVIOUR_STATIC_DYNAMIC_DATE" description="FLEXI_BEHAVIOUR_STATIC_DYNAMIC_DATE_DESC">
				<option value="0">FLEXI_STATIC_DO_NOT_COMPARE_SERVER_OR_ITEM</option>
				<option value="1">FLEXI_OFFSET</option>
				<option value="2">FLEXI_SAME_MONTH</option>
				<option value="3">FLEXI_SAME_YEAR</option>
				<option value="4">FLEXI_PREVIOUS_MONTH</option>
				<option value="5">FLEXI_PREVIOUS_YEAR</option>
				<option value="6">FLEXI_NEXT_MONTH</option>
				<option value="7">FLEXI_NEXT_YEAR</option>
			</field>
			<field name="date_type" type="radio" default="0" label="FLEXI_DATE_TYPE" description="FLEXI_DATE_TYPE_DESC">
				<option value="0">FLEXI_DATE_CREATED</option>
				<option value="1">FLEXI_DATE_MODIFIED</option>
				<option value="2">FLEXI_DATE_PUBLISH_UP</option>
				<option value="3">FLEXI_CUSTOM_DATE_FIELD</option>
			</field>
			<field name="date_compare" type="radio" default="0" label="FLEXI_DATE_COMPARE_DYNAMIC" description="FLEXI_DATE_COMPARE_DESC">
				<option value="0">FLEXI_CURRENT_SERVER_DATE</option>
				<option value="1">FLEXI_CURRENT_ITEM_DATE_ABOVE</option>
			</field>
			<field name="datecomp_field" type="fields" fieldnameastext="true" default="" multiple="false" field_type="date" label="FLEXI_SELECT_DATECOMP_FIELD" description="FLEXI_SELECT_DATECOMP_FIELD_DESC" />
		</fieldset>
		
		<fieldset name="FLEXI_ITEMLIST_DISPLAY_PARAMS" label="FLEXI_ITEMLIST_DISPLAY_PARAMS">
			<field name="" type="separator" default="FLEXI_TITLE" level="level1" menu="hide" />
			<field name="" type="separator" default="FLEXI_STD" level="level2" menu="hide" />
			<field name="display_title" type="radio" default="1" label="FLEXI_DISPLAY_TITLE" description="FLEXI_DISPLAY_TITLE_DESC">
				<option value="0">FLEXI_NO</option>
				<option value="1">FLEXI_YES</option>
			</field>
			<field name="link_title" type="radio" default="1" label="FLEXI_LINK_TITLE" description="FLEXI_LINK_TITLE_DESC">
				<option value="0">FLEXI_NO</option>
				<option value="1">FLEXI_YES</option>
			</field>
			<field name="cuttitle" type="text" default="40" size="4" label="FLEXI_MAX_TITLE_LENGTH" description="FLEXI_MAX_TITLE_LENGTH_DESC" />
			<field name="" type="separator" default="FLEXI_FEAT" level="level2" menu="hide" />
			<field name="display_title_feat" type="radio" default="1" label="FLEXI_DISPLAY_TITLE" description="FLEXI_DISPLAY_TITLE_DESC">
				<option value="0">FLEXI_NO</option>
				<option value="1">FLEXI_YES</option>
			</field>
			<field name="link_title_feat" type="radio" default="1" label="FLEXI_LINK_TITLE" description="FLEXI_LINK_TITLE_DESC">
				<option value="0">FLEXI_NO</option>
				<option value="1">FLEXI_YES</option>
			</field>
			<field name="cuttitle_feat" type="text" default="40" size="4" label="FLEXI_MAX_TITLE_LENGTH" description="FLEXI_MAX_TITLE_LENGTH_DESC" />
			
			<field name="" type="separator" default="FLEXI_TEXT_PARAMS" level="level1" menu="hide" />
			<field name="" type="separator" default="FLEXI_STD" level="level2" menu="hide" />
			<field name="display_text" type="radio" default="1" label="FLEXI_DISPLAY_TEXT" description="FLEXI_DISPLAY_TEXT_DESC">
				<option value="0">FLEXI_NO</option>
				<option value="1">FLEXI_YES</option>
			</field>
			<field name="mod_do_stripcat" type="radio" default="1" label="FLEXI_STRIP_HTML_N_CUT" description="FLEXI_STRIP_HTML_N_CUT_DESC" >
				<option value="0">FLEXI_NO</option>
				<option value="1">FLEXI_YES</option>
			</field>
			<field name="mod_readmore" type="radio" default="1" label="FLEXI_SHOW_READMORE" description="FLEXI_SHOW_READMORE_DESC">
				<option value="0">FLEXI_NO</option>
				<option value="1">FLEXI_YES</option>
			</field>
			<field name="mod_cut_text" type="text" size="4" default="100" label="FLEXI_CUT_INTRO" description="FLEXI_CUT_INTRO_DESC" />
			<field name="" type="separator" default="FLEXI_FEAT" level="level2" menu="hide" />
			<field name="display_text_feat" type="radio" default="1" label="FLEXI_DISPLAY_TEXT" description="FLEXI_DISPLAY_TEXT_DESC">
				<option value="0">FLEXI_NO</option>
				<option value="1">FLEXI_YES</option>
			</field>
			<field name="mod_do_stripcat_feat" type="radio" default="1" label="FLEXI_STRIP_HTML_N_CUT" description="FLEXI_STRIP_HTML_N_CUT" >
				<option value="0">FLEXI_NO</option>
				<option value="1">FLEXI_YES</option>
			</field>
			<field name="mod_readmore_feat" type="radio" default="1" label="FLEXI_SHOW_READMORE" description="FLEXI_SHOW_READMORE_DESC">
				<option value="0">FLEXI_NO</option>
				<option value="1">FLEXI_YES</option>
			</field>
			<field name="mod_cut_text_feat" type="text" size="4" default="200" label="FLEXI_CUT_INTRO" description="FLEXI_CUT_INTRO_DESC" />
			
			<field name="" type="separator" default="FLEXI_IMAGE_PARAMS" level="level1" menu="hide" />
			<field name="mod_image" type="fcimage" valcolumn="id" default="" label="FLEXI_IMAGE_SOURCE" description="FLEXI_IMAGE_SOURCE_DESC" />
			<field name="mod_image_custom_display" type="text" size="48" default="" label="Field HTML as Image" description=
				"You can use the HTML produced by any custom field in place of image.&lt;br&gt; -- Leave blank: to use the above drop-down select box value,&lt;br&gt; -- &lt;b&gt;Note: image size and other parameters are not used&lt;/b&gt;,&lt;br&gt; -- Write: like fieldname##varname e.g. for image fields use: imgfieldname##display_small, imgfieldname##display_medium, imgfieldname##display_large" />
			<field name="mod_image_custom_url" type="text" size="48" default="" label="Field URL as Image" description=
				"You can use the URL produced by any custom field in place of image.&lt;br&gt; -- Leave blank: to use the above drop-down select box value,&lt;br&gt; -- &lt;b&gt;Note: image size and other parameters are applied to the given URL&lt;/b&gt;,&lt;br&gt; -- Write: like fieldname##varname e.g. for image fields use: imgfieldname##display_small_src, imgfieldname##display_medium_src, imgfieldname##display_large_src" />
			<field name="" type="separator" default="FLEXI_STD" level="level2" menu="hide" />
			<field name="mod_use_image" type="radio" default="1" label="FLEXI_USE_IMAGE" description="FLEXI_USE_IMAGE_DESC">
				<option value="0">FLEXI_NO</option>
				<option value="1">FLEXI_YES</option>
			</field>
			<field name="mod_link_image" type="radio" default="1" label="FLEXI_LINK_IMAGE" description="FLEXI_LINK_IMAGE_DESC">
				<option value="0">FLEXI_NO</option>
				<option value="1">FLEXI_YES</option>
			</field>
			<field name="mod_method" type="radio" default="1" label="FLEXI_PROCESSING_METHOD" description="FLEXI_PROCESSING_METHOD">
				<option value="0">FLEXI_SCALE</option>
				<option value="1">FLEXI_CROP</option>
			</field>		
			<field name="mod_width" type="text" size="4" default="80" label="FLEXI_IMAGE_WIDTH" description="FLEXI_IMAGE_WIDTH" />
			<field name="mod_height" type="text" size="4" default="80" label="FLEXI_IMAGE_HEIGHT" description="FLEXI_IMAGE_HEIGHT" />
			<field name="" type="separator" default="FLEXI_FEAT" level="level2" menu="hide" />
			<field name="mod_use_image_feat" type="radio" default="1" label="FLEXI_USE_IMAGE" description="FLEXI_USE_IMAGE_DESC">
				<option value="0">FLEXI_NO</option>
				<option value="1">FLEXI_YES</option>
			</field>
			<field name="mod_link_image_feat" type="radio" default="1" label="FLEXI_LINK_IMAGE" description="FLEXI_LINK_IMAGE_DESC">
				<option value="0">FLEXI_NO</option>
				<option value="1">FLEXI_YES</option>
			</field>
			<field name="mod_method_feat" type="radio" default="1" label="FLEXI_PROCESSING_METHOD" description="FLEXI_PROCESSING_METHOD">
				<option value="0">FLEXI_SCALE</option>
				<option value="1">FLEXI_CROP</option>
			</field>		
			<field name="mod_width_feat" type="text" size="4" default="110" label="FLEXI_IMAGE_WIDTH" description="FLEXI_IMAGE_WIDTH" />
			<field name="mod_height_feat" type="text" size="4" default="110" label="FLEXI_IMAGE_HEIGHT" description="FLEXI_IMAGE_HEIGHT" />
			
			<field name="" type="separator" default="FLEXI_DATE_PARAMS" level="level1" menu="hide" />
			<field name="" type="separator" default="FLEXI_STD" level="level2" menu="hide" />
			<field name="display_date" type="radio" default="1" label="FLEXI_DISPLAY_DATE" description="FLEXI_DISPLAY_DATE_DESC" >
				<option value="0">FLEXI_NO</option>
				<option value="1">FLEXI_YES</option>
			</field>
			<field name="date_label" type="radio" default="0" label="FLEXI_DISPLAY_FIELD_LABEL" description="FLEXI_DISPLAY_FIELD_LABEL_DESC">
				<option value="0">FLEXI_NO</option>
				<option value="1">FLEXI_YES</option>
			</field>
			<field name="date_fields" type="fccheckbox" default=""
					checkoptions="FLEXI_DATE_CREATED,FLEXI_DATE_MODIFIED" checkvals="created,modified" defaultvals="created,modified"
					label="FLEXI_DISPLAY_DATE_TYPE" description="FLEXI_DISPLAY_DATE_TYPE_DESC"
			/>
			<field name="date_format" type="list" default="DATE_FORMAT_LC3" label="FLEXI_DATE_FORMAT" description="..." >
				<option value="DATE_FORMAT_LC">DATE_FORMAT_LC</option>
				<option value="DATE_FORMAT_LC1">DATE_FORMAT_LC1</option>
				<option value="DATE_FORMAT_LC2">DATE_FORMAT_LC2</option>
				<option value="DATE_FORMAT_LC3">DATE_FORMAT_LC3</option>
				<option value="DATE_FORMAT_LC4">DATE_FORMAT_LC4</option>
				<option value="custom">FLEXI_CUSTOM</option>
			</field>
			<field name="custom_date_format" type="text" default="" label="FLEXI_CUSTOM_DATE_FORMAT" description="FLEXI_CUSTOM_DATE_FORMAT_DESC" />
			
			<field name="" type="separator" default="FLEXI_FEAT" level="level2" menu="hide" />
			<field name="display_date_feat" type="radio" default="1" label="FLEXI_DISPLAY_DATE" description="FLEXI_DISPLAY_DATE_DESC" >
				<option value="0">FLEXI_NO</option>
				<option value="1">FLEXI_YES</option>
			</field>
			<field name="date_label_feat" type="radio" default="0" label="FLEXI_DISPLAY_FIELD_LABEL" description="FLEXI_DISPLAY_FIELD_LABEL_DESC">
				<option value="0">FLEXI_NO</option>
				<option value="1">FLEXI_YES</option>
			</field>
			<field name="date_fields_feat" type="fccheckbox" default=""
					checkoptions="FLEXI_DATE_CREATED,FLEXI_DATE_MODIFIED" checkvals="created,modified" defaultvals="created,modified"
					label="FLEXI_DISPLAY_DATE_TYPE" description="FLEXI_DISPLAY_DATE_TYPE_DESC"
			/>
			<field name="date_format_feat" type="list" default="DATE_FORMAT_LC3" label="FLEXI_DATE_FORMAT" description="..." >
				<option value="DATE_FORMAT_LC">DATE_FORMAT_LC</option>
				<option value="DATE_FORMAT_LC1">DATE_FORMAT_LC1</option>
				<option value="DATE_FORMAT_LC2">DATE_FORMAT_LC2</option>
				<option value="DATE_FORMAT_LC3">DATE_FORMAT_LC3</option>
				<option value="DATE_FORMAT_LC4">DATE_FORMAT_LC4</option>
				<option value="custom">FLEXI_CUSTOM</option>
			</field>
			<field name="custom_date_format_feat" type="text" default="" label="FLEXI_CUSTOM_DATE_FORMAT_FEAT" description="FLEXI_CUSTOM_DATE_FORMAT_FEAT_DESC" />
			
			
			<field name="" type="separator" default="FLEXI_HITS_PARAMS" level="level1" menu="hide" />
			<field name="" type="separator" default="FLEXI_STD" level="level2" menu="hide" />
			<field name="display_hits" type="radio" default="1" label="FLEXI_DISPLAY_HITS" description="FLEXI_DISPLAY_HITS_DESC" >
				<option value="0">FLEXI_NO</option>
				<option value="1">FLEXI_YES</option>
			</field>
			<field name="hits_label" type="radio" default="0" label="FLEXI_DISPLAY_FIELD_LABEL" description="FLEXI_DISPLAY_FIELD_LABEL_DESC">
				<option value="0">FLEXI_YES_AFTER_COUNTER</option>
				<option value="1">FLEXI_YES</option>
				<option value="2">FLEXI_NO</option>
			</field>
			
			<field name="" type="separator" default="FLEXI_FEAT" level="level2" menu="hide" />
			<field name="display_hits_feat" type="radio" default="1" label="FLEXI_DISPLAY_HITS" description="FLEXI_DISPLAY_HITS_DESC" >
				<option value="0">FLEXI_NO</option>
				<option value="1">FLEXI_YES</option>
			</field>
			<field name="hits_label_feat" type="radio" default="0" label="FLEXI_DISPLAY_FIELD_LABEL" description="FLEXI_DISPLAY_FIELD_LABEL_DESC">
				<option value="0">FLEXI_YES_AFTER_COUNTER</option>
				<option value="1">FLEXI_YES</option>
				<option value="2">FLEXI_NO</option>
			</field>
			
			
			<field name="" type="separator" default="FLEXI_VOTING_PARAMS" level="level1" menu="hide" />
			<field name="" type="separator" default="FLEXI_STD" level="level2" menu="hide" />
			<field name="display_voting" type="radio" default="1" label="FLEXI_DISPLAY_VOTING" description="FLEXI_DISPLAY_VOTING_DESC" >
				<option value="0">FLEXI_NO</option>
				<option value="1">FLEXI_YES</option>
			</field>
			<field name="voting_label" type="radio" default="0" label="FLEXI_DISPLAY_FIELD_LABEL" description="FLEXI_DISPLAY_FIELD_LABEL_DESC">
				<option value="0">FLEXI_YES_AFTER_COUNTER</option>
				<option value="1">FLEXI_YES</option>
				<option value="2">FLEXI_NO</option>
			</field>
			<field name="vote_stars" type="radio" default="1" label="FLEXI_VOTING_NUMOF_STARS" description="FLEXI_VOTING_NUMOF_STARS_DESC" >
				<option value="1">FLEXI_VOTING_ONE_STAR_RECOMMENDED</option>
				<option value="5">FLEXI_VOTING_FIVE_STAR</option>
			</field>
			<field name="allow_vote" type="radio" default="0" label="FLEXI_VOTING_ALLOW" description="FLEXI_VOTING_ALLOW_DESC" >
				<option value="0">FLEXI_NO_RECOMMENDED</option>
				<option value="1">FLEXI_YES</option>
			</field>
			<field name="vote_counter" type="radio" default="1" label="FLEXI_VOTING_SHOW_COUNTER" description="FLEXI_VOTING_SHOW_COUNTER_DESC" >
				<option value="0">FLEXI_NO</option>
				<option value="1">FLEXI_YES</option>
			</field>
			
			<field name="" type="separator" default="FLEXI_FEAT" level="level2" menu="hide" />
			<field name="display_voting_feat" type="radio" default="1" label="FLEXI_DISPLAY_VOTING" description="FLEXI_DISPLAY_VOTING_DESC" >
				<option value="0">FLEXI_NO</option>
				<option value="1">FLEXI_YES</option>
			</field>
			<field name="voting_label_feat" type="radio" default="0" label="FLEXI_DISPLAY_FIELD_LABEL" description="FLEXI_DISPLAY_FIELD_LABEL_DESC">
				<option value="0">FLEXI_YES_AFTER_COUNTER</option>
				<option value="1">FLEXI_YES</option>
				<option value="2">FLEXI_NO</option>
			</field>
			<field name="vote_stars_feat" type="radio" default="1" label="FLEXI_VOTING_NUMOF_STARS" description="FLEXI_VOTING_NUMOF_STARS_DESC" >
				<option value="1">FLEXI_VOTING_ONE_STAR_RECOMMENDED</option>
				<option value="5">FLEXI_VOTING_FIVE_STAR</option>
			</field>
			<field name="allow_vote_feat" type="radio" default="0" label="FLEXI_VOTING_ALLOW" description="FLEXI_VOTING_ALLOW_DESC" >
				<option value="0">FLEXI_NO_RECOMMENDED</option>
				<option value="1">FLEXI_YES</option>
			</field>
			<field name="vote_counter_feat" type="radio" default="1" label="FLEXI_VOTING_SHOW_COUNTER" description="FLEXI_VOTING_SHOW_COUNTER_DESC" >
				<option value="0">FLEXI_NO</option>
				<option value="1">FLEXI_YES</option>
			</field>
			

			<field name="" type="separator" default="FLEXI_COMMENTS_PARAMS" level="level1" menu="hide" />
			<field name="" type="separator" default="FLEXI_STD" level="level2" menu="hide" />
			<field name="display_comments" type="radio" default="1" label="FLEXI_DISPLAY_COMMENTS" description="FLEXI_DISPLAY_COMMENTS_DESC" >
				<option value="0">FLEXI_NO</option>
				<option value="1">FLEXI_YES</option>
			</field>
			<field name="comments_label" type="radio" default="0" label="FLEXI_DISPLAY_FIELD_LABEL" description="FLEXI_DISPLAY_FIELD_LABEL_DESC">
				<option value="0">FLEXI_YES_AFTER_COUNTER</option>
				<option value="1">FLEXI_YES</option>
				<option value="2">FLEXI_NO</option>
			</field>
			
			<field name="" type="separator" default="FLEXI_FEAT" level="level2" menu="hide" />
			<field name="display_comments_feat" type="radio" default="1" label="FLEXI_DISPLAY_comments" description="FLEXI_DISPLAY_comments_DESC" >
				<option value="0">FLEXI_NO</option>
				<option value="1">FLEXI_YES</option>
			</field>
			<field name="comments_label_feat" type="radio" default="0" label="FLEXI_DISPLAY_FIELD_LABEL" description="FLEXI_DISPLAY_FIELD_LABEL_DESC">
				<option value="0">FLEXI_YES_AFTER_COUNTER</option>
				<option value="1">FLEXI_YES</option>
				<option value="2">FLEXI_NO</option>
			</field>
			
			
			<field name="" type="separator" default="FLEXI_FIELDS_PARAMS" level="level1" menu="hide" />
			<field name="" type="separator" default="FLEXI_STD" level="level2" menu="hide" />
			<field name="use_fields" type="radio" default="0" label="FLEXI_DISPLAY_FIELDS" description="FLEXI_DISPLAY_FIELDS_DESC">
				<option value="0">FLEXI_NO</option>
				<option value="1">FLEXI_YES</option>
			</field>
			<field name="display_label" type="radio" default="0" label="FLEXI_DISPLAY_FIELD_LABEL" description="FLEXI_DISPLAY_FIELD_LABEL_DESC">
				<option value="0">FLEXI_NO</option>
				<option value="1">FLEXI_YES</option>
			</field>
			<field name="hide_label_onempty" type="radio" default="0" label="FLEXI_HIDE_LBL_WHEN_DISP_ISEMPTY" description="FLEXI_HIDE_LBL_WHEN_DISP_ISEMPTY_DESC">
				<option value="0">FLEXI_NO</option>
				<option value="1">FLEXI_YES</option>
			</field>
			<field name="text_after_label" type="text" default="" label="FLEXI_FIELD_TEXT_AFTER_LABEL" description="FLEXI_FIELD_TEXT_AFTER_LABEL_DESC" />
			<field name="fields" type="textarea" cols="35" rows="4" default="" label="FLEXI_SELECT_FIELDS" description="FLEXI_SELECT_FIELDS_DESC" />
			
			<field name="" type="separator" default="FLEXI_FEAT" level="level2" menu="hide" />
			<field name="use_fields_feat" type="radio" default="0" label="FLEXI_DISPLAY_FIELDS" description="FLEXI_DISPLAY_FIELDS_DESC">
				<option value="0">FLEXI_NO</option>
				<option value="1">FLEXI_YES</option>
			</field>
			<field name="hide_label_onempty_feat" type="radio" default="0" label="FLEXI_HIDE_LBL_WHEN_DISP_ISEMPTY" description="FLEXI_HIDE_LBL_WHEN_DISP_ISEMPTY_DESC">
				<option value="0">FLEXI_NO</option>
				<option value="1">FLEXI_YES</option>
			</field>
			<field name="display_label_feat" type="radio" default="0" label="FLEXI_DISPLAY_FIELD_LABEL" description="FLEXI_DISPLAY_FIELD_LABEL_DESC">
				<option value="0">FLEXI_NO</option>
				<option value="1">FLEXI_YES</option>
			</field>
			<field name="text_after_label_feat" type="text" default="" label="FLEXI_FIELD_TEXT_AFTER_LABEL" description="FLEXI_FIELD_TEXT_AFTER_LABEL_DESC" />
			<field name="fields_feat" type="textarea" cols="35" rows="4" default="" label="FLEXI_SELECT_FIELDS" description="FLEXI_SELECT_FIELDS_DESC" />
		</fieldset>
		
		<fieldset name="FLEXI_CAT_DISPLAY_PARAMS" label="FLEXI_CAT_DISPLAY_PARAMS">
		
		 <field name="" type="separator" default="FLEXI_CATS" level="level1" menu="hide" />
			
			<field name="" type="separator" default="FLEXI_CATS_INFO" level="level2" menu="hide" />
			<field name="cats_showtitle" type="list" default="0" label="FLEXI_SHOW_CAT_TITLE" description="FLEXI_SHOW_CAT_TITLE_DESC">
				<option value="0">FLEXI_NO</option>
				<option value="1">FLEXI_YES</option>
			</field>
			<field name="cats_link_title" type="radio" default="0" label="FLEXI_CAT_LINK_TITLE" description="FLEXI_CAT_LINK_TITLE_DESC">
				<option value="0">FLEXI_NO</option>
				<option value="1">FLEXI_YES</option>
			</field>
			<field name="cats_cuttitle" type="text" default="40" size="4" label="FLEXI_MAX_TITLE_LENGTH" description="FLEXI_MAX_TITLE_LENGTH_DESC" />
			<field name="cats_showdescr" type="list" default="0" label="FLEXI_SHOW_CAT_DESCR" description="FLEXI_SHOW_CAT_DESCR_DESC">
				<option value="0">FLEXI_NO</option>
				<option value="1">FLEXI_YES</option>
			</field>
			<field name="cats_cutdescr" type="text" size="4" default="100" label="FLEXI_CUT_INTRO" description="FLEXI_CUT_INTRO_DESC" />
			<field name="cats_readmore" type="radio" default="1" label="FLEXI_SHOW_READMORE_CATITEMS" description="FLEXI_SHOW_READMORE_CATITEMS_DESC">
				<option value="0">FLEXI_NO</option>
				<option value="1">FLEXI_YES</option>
			</field>
			
			<field name="" type="separator" default="FLEXI_IMAGE_PARAMS" level="level2" menu="hide" />
			<field name="cats_show_image" type="list" default="0" label="FLEXI_SHOW_CATIMAGE" description="FLEXI_SHOW_CATIMAGE_DESC">
				<option value="0">FLEXI_NO</option>
				<option value="1">FLEXI_YES</option>
			</field>
			<field name="cats_image_source" type="list" default="0" label="FLEXI_CATIMAGE_SOURCE" description="FLEXI_CATIMAGE_SOURCE_DESC">
				<option value="0">FLEXI_CAT_IMAGE_EXTRACT</option>
				<option value="1">FLEXI_CAT_IMAGE_USEPARAM</option>
				<option value="2">FLEXI_CAT_IMAGE_BOTH</option>
			</field>
			<field name="cats_link_image" type="radio" default="0" label="FLEXI_CAT_LINK_IMAGE" description="FLEXI_CAT_LINK_IMAGE_DESC">
				<option value="0">FLEXI_NO</option>
				<option value="1">FLEXI_YES</option>
			</field>
			<field name="cats_image_method" type="radio" default="1" label="FLEXI_PROCESSING_METHOD" description="FLEXI_PROCESSING_METHOD">
				<option value="0">FLEXI_SCALE</option>
				<option value="1">FLEXI_CROP</option>
			</field>		
			<field name="cats_image_width" type="text" size="4" default="110" label="FLEXI_IMAGE_WIDTH" description="FLEXI_IMAGE_WIDTH" />
			<field name="cats_image_height" type="text" size="4" default="110" label="FLEXI_IMAGE_HEIGHT" description="FLEXI_IMAGE_HEIGHT" />
			
		 <field name="" type="separator" default="FLEXI_CURRCAT" level="level1" menu="hide" />
		 
			<field name="currcat_custom_display" type="radio" default="0" label="FLEXI_CURRCAT_CUSTOM_DISPLAY" description="FLEXI_CURRCAT_CUSTOM_DISPLAY_DESC" >
				<option value="0">FLEXI_NO</option>
				<option value="1">FLEXI_YES</option>
			</field>
			<field name="currcat_fallback_maincat" type="radio" default="0" label="FLEXI_FALLBACK_MAINCAT" description="FLEXI_FALLBACK_MAINCAT_DESC" >
				<option value="0">FLEXI_NO</option>
				<option value="1">FLEXI_YES</option>
			</field>
			
			<field name="" type="separator" default="FLEXI_CURRCAT_INFO" level="level2" menu="hide" />
			<field name="currcat_showtitle" type="list" default="0" label="FLEXI_SHOW_CAT_TITLE" description="FLEXI_SHOW_CAT_TITLE_DESC">
				<option value="0">FLEXI_NO</option>
				<option value="1">FLEXI_YES</option>
			</field>
			<field name="currcat_link_title" type="radio" default="0" label="FLEXI_CAT_LINK_TITLE" description="FLEXI_CAT_LINK_TITLE_DESC">
				<option value="0">FLEXI_NO</option>
				<option value="1">FLEXI_YES</option>
			</field>
			<field name="currcat_cuttitle" type="text" default="20" size="4" label="FLEXI_MAX_TITLE_LENGTH" description="FLEXI_MAX_TITLE_LENGTH_DESC" />
			<field name="currcat_showdescr" type="list" default="0" label="FLEXI_SHOW_CAT_DESCR" description="FLEXI_SHOW_CAT_DESCR_DESC">
				<option value="0">FLEXI_NO</option>
				<option value="1">FLEXI_YES</option>
			</field>
			<field name="currcat_cutdescr" type="text" size="4" default="100" label="FLEXI_CUT_INTRO" description="FLEXI_CUT_INTRO_DESC" />
			<field name="currcat_readmore" type="radio" default="1" label="FLEXI_SHOW_READMORE_CATITEMS" description="FLEXI_SHOW_READMORE_CATITEMS_DESC">
				<option value="0">FLEXI_NO</option>
				<option value="1">FLEXI_YES</option>
			</field>
			
			<field name="" type="separator" default="FLEXI_IMAGE_PARAMS" level="level2" menu="hide" />
			<field name="currcat_show_image" type="list" default="0" label="FLEXI_SHOW_CATIMAGE" description="FLEXI_SHOW_CATIMAGE_DESC">
				<option value="0">FLEXI_NO</option>
				<option value="1">FLEXI_YES</option>
			</field>
			<field name="currcat_image_source" type="list" default="0" label="FLEXI_IMAGE_SOURCE" description="FLEXI_IMAGE_SOURCE_DESC">
				<option value="0">FLEXI_CAT_IMAGE_EXTRACT</option>
				<option value="1">FLEXI_CAT_IMAGE_USEPARAM</option>
				<option value="2">FLEXI_CAT_IMAGE_BOTH</option>
			</field>
			<field name="currcat_link_image" type="radio" default="0" label="FLEXI_CAT_LINK_IMAGE" description="FLEXI_CAT_LINK_IMAGE_DESC">
				<option value="0">FLEXI_NO</option>
				<option value="1">FLEXI_YES</option>
			</field>
			<field name="currcat_image_method" type="radio" default="1" label="FLEXI_PROCESSING_METHOD" description="FLEXI_PROCESSING_METHOD">
				<option value="0">FLEXI_SCALE</option>
				<option value="1">FLEXI_CROP</option>
			</field>		
			<field name="currcat_image_width" type="text" size="4" default="110" label="FLEXI_IMAGE_WIDTH" description="FLEXI_IMAGE_WIDTH" />
			<field name="currcat_image_height" type="text" size="4" default="110" label="FLEXI_IMAGE_HEIGHT" description="FLEXI_IMAGE_HEIGHT" />
			
		</fieldset>

		<fieldset name="FLEXI_GENERAL_MOD_DISPLAY_PARAMS" label="FLEXI_GENERAL_MOD_DISPLAY_PARAMS">
		 <field name="" type="separator" default="FLEXI_MOD_MORE_PARAMS" level="level1" menu="hide" />
		 
			<field name="show_more" type="radio" default="0" label="FLEXI_MOD_DISPLAY_MORE" description="FLEXI_MOD_DISPLAY_MORE_DESC">
				<option value="0">FLEXI_NO</option>
				<option value="1">FLEXI_YES</option>
			</field>
			<field name="more_title" type="text" default="" label="FLEXI_MOD_MORE_TITLE" description="FLEXI_MOD_MORE_TITLE_DESC" size="40" />
			<field name="more_link" type="text" default="index.php" label="FLEXI_MOD_MORE_LINK" description="FLEXI_MOD_MORE_LINK" />
			<field name="more_blank" type="radio" default="0" label="FLEXI_MOD_MORE_NEW_WINDOW" description="FLEXI_MOD_MORE_NEW_WINDOW_DESC">
				<option value="0">FLEXI_NO</option>
				<option value="1">FLEXI_YES</option>
			</field>
			<field name="more_css" type="textarea" cols="30" rows="3" default="" label="FLEXI_MOD_MORE_CSS" description="FLEXI_MOD_MORE_CSS_DESC" />
		</fieldset>
		
		<fieldset name="FLEXI_CUSTOM_PARAMS" label="FLEXI_CUSTOM_PARAMS">
			<field name="custom1" type="textarea" cols="35" rows="2" default="" label="FLEXI_CUSTOM1" description="FLEXI_CUSTOM_DESC" />
			<field name="custom2" type="textarea" cols="35" rows="2" default="" label="FLEXI_CUSTOM2" description="FLEXI_CUSTOM_DESC" />
			<field name="custom3" type="textarea" cols="35" rows="2" default="" label="FLEXI_CUSTOM3" description="FLEXI_CUSTOM_DESC" />
			<field name="custom4" type="textarea" cols="35" rows="2" default="" label="FLEXI_CUSTOM4" description="FLEXI_CUSTOM_DESC" />
			<field name="custom5" type="textarea" cols="35" rows="2" default="" label="FLEXI_CUSTOM5" description="FLEXI_CUSTOM_DESC" />
		</fieldset>
		
		<fieldset name="FLEXI_MOD_ADVANCED" label="FLEXI_MOD_ADVANCED">
			<field name="" type="separator" default="FLEXI_MODULE_STYLING" level="level1" menu="hide" />
			<field name="moduleclass_sfx" type="text" default="" label="FLEXI_MODULE_CLASS_SUFFIX" description="FLEXI_MODULE_CLASS_SUFFIX_DESC" />
			<field name="add_ccs" type="radio" default="1" label="FLEXI_ADD_DEFAULT_CSS" description="FLEXI_ADD_DEFAULT_CSS_DESC">
				<option value="0">FLEXI_NO</option>
				<option value="1">FLEXI_YES</option>
			</field>
			<field name="add_tooltips" type="radio" default="1" label="FLEXI_ADD_TOOLTIPS" description="FLEXI_ADD_TOOLTIPS_DESC">
				<option value="0">FLEXI_NO</option>
				<option value="1">FLEXI_YES</option>
			</field>
			<field name="width" type="text" size="4" default="" label="FLEXI_MODULE_WIDTH" description="FLEXI_MODULE_WIDTH_DESC" />
			<field name="height" type="text" size="4" default="" label="FLEXI_MODULE_HEIGHT" description="FLEXI_MODULE_HEIGHT_DESC" />
			
			<field name="" type="separator" default="FLEXI_CACHING" level="level1" menu="hide" />
			<field name="cache" type="list" default="1" label="FLEXI_CACHING" description="FLEXI_CACHING_DESC">
				<option value="2">FLEXI_FORCE_CACHE</option>
				<option value="1">FLEXI_USE_GLOBAL</option>
				<option value="0">FLEXI_NO_CACHING</option>
			</field>
			<field name="cache_time" type="text" default="900" label="FLEXI_CACHE_TIME" description="FLEXI_CACHE_TIME_DESC" />
		</fieldset>
	
	</fields>
	</config>
</extension>
