<?xml version="1.0" encoding="utf-8"?>
<extension type="module" version="1.6" client="site" method="upgrade">
	<name>FLEXIadvsearch Module</name>
	<author>Suriya Kaewmungmuang</author>
	<creationDate>29/06/2011</creationDate>
	<copyright>(C) 2011 flexicontent.org</copyright>
	<license>http://www.gnu.org/licenses/gpl-3.0.html GNU/GPL</license>
	<authorEmail>enjoyman@gmail.com</authorEmail>
	<authorUrl>http://www.flexicontent.org</authorUrl>
	<version>1.0</version>
	<description>Advanced search module for the FLEXIcontent Component</description>
	
	<files>
		<filename module="mod_flexiadvsearch">mod_flexiadvsearch.php</filename>
		<filename>index.html</filename>
		<folder>tmpl</folder>
	</files>
	
	<languages>
		<language tag="en-GB">languages/en-GB.mod_flexiadvsearch.ini</language>
	</languages>
	
	<config>
	<fields name="params">
		<fieldset name="basic">

			<field name="" type="separator" default="FLEXI_MODULE_DISPLAY_RULES" description="FLEXI_MODULE_DISPLAY_RULES_DESC" level="level1" menu="hide" />
			<field name="combine_show_rules" type="radio" default="AND" label="FLEXI_COMBINE_SHOW_RULES" description="FLEXI_COMBINE_SHOW_RULES_DESC">
				<option value="OR">FLEXI_OR</option>
				<option value="AND">FLEXI_AND</option>
			</field>

			<field name="" type="separator" default="FLEXI_FLEXI_VIEW_RULES" level="level2" menu="hide" />
			<field name="show_in_views" type="fccheckbox" default=""
					checkoptions="FLEXI_CATEGORY_V,FLEXI_ITEM_V,FLEXI_FAVOURITES_V,FLEXI_TAGS_V,FLEXI_SEARCH_V,FLEXI_OTHERS_V" checkvals="category,item,favourites,tags,search,others"
					defaultvals="category,item,favourites,tags,search,others"
					label="FLEXI_SHOW_IN_VIEWS" description="FLEXI_SHOW_IN_VIEWS_DESC"
			/>
			
			<field name="" type="separator" default="FLEXI_PHP_EXPRESSION_RULE" level="level2" menu="hide" />
			<field name="enable_php_rule" type="radio" default="0" label="FLEXI_ENABLE_RULE" description="FLEXI_ENABLE_RULE_DESC">
				<option value="0">FLEXI_NO</option>
				<option value="1">FLEXI_YES</option>
			</field>
			<field name="php_rule" type="textarea" rows="5" cols="40" label="FLEXI_PHP_EXPRESSION" description="FLEXI_PHP_EXPRESSION_DESC" />
			
			<field name="" type="separator" default="FLEXI_BASIC_CONFIGURATION" level="level1" menu="hide" />

			<field name="moduleclass_sfx" type="text" default="" label="Module Class Suffix" description="PARAMMODULECLASSSUFFIX" />
			<field name="@spacer" type="spacer" default="" label="" description="" />
			<field name="width" type="text" default="20" label="FLEXI_BOX_WIDTH" description="FLEXI_BOX_WIDTH_DESC" />
			<field name="text" type="text" default="" label="FLEXI_TEXT" description="FLEXI_TEXT_DESC" />
			<field name="@spacer" type="spacer" default="" label="" description="" />
			<field name="button" type="radio" default="" label="FLEXI_SEARCH_BUTTON" description="FLEXI_SEARCH_BUTTON_DESC">
				<option value="">FLEXI_NO</option>
				<option value="1">FLEXI_YES</option>
			</field>
			<field name="button_pos" type="list" default="right" label="FLEXI_BUTTON_POSITION" description="FLEXI_BUTTON_POSITION_DESC">
				<option value="right">FLEXI_BUTTON_RIGHT</option>
				<option value="left">FLEXI_BUTTON_LEFT</option>
				<option value="top">FLEXI_BUTTON_TOP</option>
				<option value="bottom">FLEXI_BUTTON_BOTTOM</option>
			</field>
			<field name="imagebutton" type="radio" default="" label="FLEXI_BUTTON_IMAGE" description="FLEXI_BUTTON_IMAGE_DESC">
				<option value="">FLEXI_NO</option>
				<option value="1">FLEXI_YES</option>
			</field>
			<field name="button_text" type="text" default="" label="FLEXI_BUTTON_TEXT" description="FLEXI_BUTTON_TEXT_DESC" />
			<field name="@spacer" type="spacer" default="" label="" description="" />
			<field name="useitemid" type="radio" default="0" label="FLEXI_MENU_ITEM" description="FLEXI_MENU_ITEM_DESC">
				<option value="0">FLEXI_NO</option>
				<option value="1">FLEXI_YES</option>
			</field>
			<field name="set_itemid" type="text" default="" label="FLEXI_MENU_ITEMID" description="FLEXI_MENU_ITEMID_DESC" />
			<field name="linkadvsearch" type="radio" default="1" label="FLEXI_ADV_SEARCH" description="FLEXI_ADV_SEARCH_DESC">
				<option value="0">FLEXI_NO</option>
				<option value="1">FLEXI_YES</option>
			</field>
			<field name="linkadvsearch_txt" type="text" default="Advanced Search" label="FLEXI_ADV_SEARCH_TEXT" description="FLEXI_ADV_SEARCH_TEXT_DESC" />
		</fieldset>

		<fieldset name="advanced">
			<field name="cache" type="list" default="1" label="FLEXI_CACHING" description="FLEXI_CACHING_DESC">
				<option value="1">FLEXI_USE_GLOBAL</option>
				<option value="0">FLEXI_NO_CACHING</option>
			</field>
			<field name="cache_time" type="text" default="900" label="FLEXI_CACHE_TIME" description="FLEXI_CACHE_TIME_DESC" />
		</fieldset>
	</fields>
	</config>
</extension>
