<?xml version="1.0" encoding="utf-8" ?>
<access component="com_flexicontent">
	<section name="component">
		<!-- (a) Super User permission and (b) Component management permission -->
		<action name="core.admin" title="JAction_Admin" description="JAction_Admin_Component_Desc" />
		<action name="core.manage" title="JAction_Manage" description="JAction_Manage_Component_Desc" />
		
		<!-- Items/Categories: category-inherited permissions -->
		<action name="core.create" title="&lt;b&gt;Items/Categories (&lt;span style&#61;&#34;color:darkgreen&#34;&gt;inherited&lt;/span&gt;):&lt;/b&gt; create" description="Allow users in the group to CREATE new Items/Categories in any category. NOTE: You can explicitely deny per category/item. but if set to deny here, you cann't expicitely allow per category/item." />
		<action name="core.edit" title="&lt;b&gt;Items/Categories (&lt;span style&#61;&#34;color:darkgreen&#34;&gt;inherited&lt;/span&gt;):&lt;/b&gt; edit" description="Allow users in the group to EDIT (all) Items/Categories in any category. NOTE: You can explicitely deny per category/item, but if set to deny here, you cann't expicitely allow per category/item." />
		<action name="core.edit.own" title="&lt;b&gt;Items/Categories (&lt;span style&#61;&#34;color:darkgreen&#34;&gt;inherited&lt;/span&gt;):&lt;/b&gt; edit own" description="Allow users in the group to EDIT OWNED Items/Categories in any category. NOTE: You can explicitely deny per category/item, but if set to deny here, you cann't expicitely allow per category/item." />
		<action name="core.edit.state" title="&lt;b&gt;Items/Categories (&lt;span style&#61;&#34;color:darkgreen&#34;&gt;inherited&lt;/span&gt;):&lt;/b&gt; edit state" description="Allow users in the group to ALTER the PUBLICATION STATE of Items/Categories in any category. NOTE: You can explicitely deny per category/item, but if set to deny here, you cann't expicitely allow per category/item." />
		<action name="core.edit.state.own" title="&lt;b&gt;Items/Categories (&lt;span style&#61;&#34;color:darkgreen&#34;&gt;inherited&lt;/span&gt;):&lt;/b&gt; edit state own" description="Allow users in the group to ALTER the PUBLICATION STATE of OWNED Items/Categories in any category. NOTE: You can explicitely deny per category/item, but if set to deny here, you cann't expicitely allow per category/item." />
		<action name="core.delete" title="&lt;b&gt;Items/Categories (&lt;span style&#61;&#34;color:darkgreen&#34;&gt;inherited&lt;/span&gt;):&lt;/b&gt; delete" description="Allow users in the group to DELETE Items/Categories (any item) in any category. NOTE: You can explicitely deny per category/item, but if set to deny here, you cann't expicitely allow per category/item." />
		<action name="core.delete.own" title="&lt;b&gt;Items/Categories (&lt;span style&#61;&#34;color:darkgreen&#34;&gt;inherited&lt;/span&gt;):&lt;/b&gt; delete own" description="Allow users in the group to DELETE OWNED Items/Categories in any category. NOTE: You can explicitely deny per category/item, but if set to deny here, you cann't expicitely allow per category/item." />
		
		<!-- Items/Categories: component controlled permissions -->
		<action name="flexicontent.accesslevel" title="&lt;b&gt;Items/Categories (&lt;span style&#61;&#34;color:orange&#34;&gt;Global Only&lt;/span&gt;):&lt;/b&gt; Set Access Level" description="Allow users in the group to set the Access Level of items / categories that they can edit" />
		
		<!-- ITEMs: component controlled permissions -->
		<action name="flexicontent.displayallitems" title="&lt;b&gt;Items (&lt;span style&#61;&#34;color:darkred&#34;&gt;Backend Tab&lt;/span&gt;):&lt;/b&gt; Display all" description="Allow users in the group to list all Items (in items management), otherwise the user will only see the items that he/she can edit." />
		<action name="flexicontent.copyitems" title="&lt;b&gt;Items (&lt;span style&#61;&#34;color:darkred&#34;&gt;Backend Tab&lt;/span&gt;):&lt;/b&gt; Copy Task" description="Allow users in the group to use the Item Copy Task (in items management)" />
		<action name="flexicontent.orderitems" title="&lt;b&gt;Items (&lt;span style&#61;&#34;color:darkred&#34;&gt;Backend Tab&lt;/span&gt;):&lt;/b&gt; Reorder" description="Allow users in the group to change the ordering of items (in items management)" />
		<action name="flexicontent.paramsitem" title="&lt;b&gt;Items (&lt;span style&#61;&#34;color:darkblue&#34;&gt;Item edit Form&lt;/span&gt;):&lt;/b&gt; set params" description="Allow users in the group to change the parameters of editable items." />
		<action name="flexicontent.versioning" title="&lt;b&gt;Items (&lt;span style&#61;&#34;color:darkblue&#34;&gt;Item edit Form&lt;/span&gt;):&lt;/b&gt; use versions" description="Allow users in the group to use multiple Versions per Item" />
		<action name="flexicontent.assocanytrans" title="&lt;b&gt;Items (&lt;span style&#61;&#34;color:darkblue&#34;&gt;Item edit Form&lt;/span&gt;):&lt;/b&gt; associate any translation" description="Allow users in the group to associate translations (items) authored by any user" />
		
		<!-- CATEGORIES: management tab and usage -->
		<action name="flexicontent.managecats" title="&lt;b&gt;Categories: -- manage --&lt;/b&gt;" description="Allow users in the group to have access to the Category Management. NOTE: the inherited privileges of each category are in effect. Thus the user can only perform specific actions on specific categories" />		
		<action name="flexicontent.usercats" title="&lt;b&gt;Categories (&lt;span style&#61;&#34;color:darkblue&#34;&gt;Item edit Form&lt;/span&gt;):&lt;/b&gt; View unauthorized categories" description="Allow users in the group to view the categories which they cannot assign to items" />
		<action name="flexicontent.viewtree" title="&lt;b&gt;Categories (&lt;span style&#61;&#34;color:darkblue&#34;&gt;Item edit Form&lt;/span&gt;):&lt;/b&gt; View categories as tree" description="Allow users in the group to view categories as tree instead of flat list" />
		<action name="flexicontent.multicat" title="&lt;b&gt;Categories (&lt;span style&#61;&#34;color:darkblue&#34;&gt;Item edit Form&lt;/span&gt;):&lt;/b&gt; Assign multiple categories to items" description="Allow users in the group to assign multiple categories to items" />
		
		<!-- TAGs: management tab and usage -->
		<action name="flexicontent.managetags" title="&lt;b&gt;Tags: -- manage --&lt;/b&gt;" description="Allow users in the group to have FULL access to the Tags Management" />
		<action name="flexicontent.usetags" title="&lt;b&gt;Tags (&lt;span style&#61;&#34;color:darkblue&#34;&gt;Item edit Form&lt;/span&gt;):&lt;/b&gt; edit item tags" description="Allow users in the group to edit the tags assigned to items" />
		<!--action name="flexicontent.newtags" title="&lt;b&gt;Tags (&lt;span style&#61;&#34;color:darkblue&#34;&gt;Item edit Form&lt;/span&gt;):&lt;/b&gt; add new tags to item" description="Allow users in the group to add new Tags to items" /-->
		
		<!-- VARIOUS management tabs -->
		<action name="flexicontent.managetypes" title="&lt;b&gt;Types: -- manage --&lt;/b&gt;" description="Allow users in the group to have access to the Types Management. NOTE: There are more permissions that control what the user can do with types." />
		<action name="flexicontent.managearchives" title="&lt;b&gt;Archives: -- manage --&lt;/b&gt;" description="Allow users in the group to have FULL access to the Archives Management" />
		<action name="flexicontent.managetemplates" title="&lt;b&gt;Templates: -- manage --&lt;/b&gt;" description="Allow users in the group to have FULL access to the Templates Management" />
		<action name="flexicontent.managestats" title="&lt;b&gt;Statistics: -- manage --&lt;/b&gt;" description="Allow users in the group to have FULL access to the Statistics Management" />
		
		<!-- FIELDs: management tab -->
		<action name="flexicontent.managefields" title="&lt;b&gt;Fields: -- manage --&lt;/b&gt;" description="Allow users in the group to have FULL access to the Fields Management" />
		<action name="flexicontent.copyfields" title="&lt;b&gt;Fields (&lt;span style&#61;&#34;color:darkred&#34;&gt;Backend Tab&lt;/span&gt;):&lt;/b&gt; Copy Task" description="Allow users in the group to use the Field Copy Task (in fields management)" />
		<action name="flexicontent.orderfields" title="&lt;b&gt;Fields (&lt;span style&#61;&#34;color:darkred&#34;&gt;Backend Tab&lt;/span&gt;):&lt;/b&gt; Reorder" description="Allow users in the group to change the ordering of fields (in fields management)" />
		<action name="flexicontent.createfield" title="&lt;b&gt;Fields:&lt;/b&gt; create" description="Allow users in the group to create fields" />
		<action name="flexicontent.editfieldvalues" title="&lt;b&gt;Fields:&lt;/b&gt; edit values" description="Allow users in the group to edit field values" />
		<action name="flexicontent.editfield" title="&lt;b&gt;Fields:&lt;/b&gt; edit configuration" description="Allow users in the group to edit fields" />
		<action name="flexicontent.publishfield" title="&lt;b&gt;Fields:&lt;/b&gt; publish" description="Allow users in the group to publish fields" />
		<action name="flexicontent.deletefield" title="&lt;b&gt;Fields:&lt;/b&gt; delete" description="Allow users in the group to delete fields" />
		
		<!-- FILEs: management tab -->
		<action name="flexicontent.managefile" title="&lt;b&gt;Files: -- manage --&lt;/b&gt;" description="-- manage -- files" />
		<action name="flexicontent.uploadfiles" title="&lt;b&gt;Files (&lt;span style&#61;&#34;color:darkred&#34;&gt;Upload Box&lt;/span&gt;):&lt;/b&gt; Upload New files" description="Allow users in the group to upload New Files" />
		<action name="flexicontent.viewallfiles" title="&lt;b&gt;Files (&lt;span style&#61;&#34;color:darkred&#34;&gt;File List&lt;/span&gt;):&lt;/b&gt; View All files" description="Allow users in the group to view all existing files" />
		
		<action name="flexicontent.editfile" title="&lt;b&gt;Files: (&lt;span style&#61;&#34;color:darkblue&#34;&gt;Global Only&lt;/span&gt;):&lt;/b&gt; edit" description="Allow users in the group to edit files" />
		<action name="flexicontent.publishfile" title="&lt;b&gt;Files: (&lt;span style&#61;&#34;color:darkblue&#34;&gt;Global Only&lt;/span&gt;):&lt;/b&gt; publish" description="Allow users in the group to publish files" />
		<action name="flexicontent.deletefile" title="&lt;b&gt;Files: (&lt;span style&#61;&#34;color:darkblue&#34;&gt;Global Only&lt;/span&gt;):&lt;/b&gt; delete" description="Allow users in the group to delete files" />
		
		<action name="flexicontent.editownfile" title="&lt;b&gt;Files: (&lt;span style&#61;&#34;color:darkblue&#34;&gt;Global Only&lt;/span&gt;):&lt;/b&gt; edit own" description="Allow users in the group to edit OWNED files (uploaded by them)" />
		<action name="flexicontent.publishownfile" title="&lt;b&gt;Files: (&lt;span style&#61;&#34;color:darkblue&#34;&gt;Global Only&lt;/span&gt;):&lt;/b&gt; publish own" description="Allow users in the group to publish OWNED files (uploaded by them)" />
		<action name="flexicontent.deleteownfile" title="&lt;b&gt;Files: (&lt;span style&#61;&#34;color:darkblue&#34;&gt;Global Only&lt;/span&gt;):&lt;/b&gt; delete own" description="Allow users in the group to delete OWNED files (uploaded by them)" />

	</section>

	<section name="category">
		<action name="core.create" title="create" description="Allow users in the group to create new items in this category. Note item must have this category as main category." />
		<action name="core.delete" title="delete" description="Allow users in the group to delete items (any item) in this category. Note item must have this category as main category." />
		<action name="core.delete.own" title="delete own" description="Allow users in the group to delete own items (any item) in this category. Note item must have this category as main category." />
		<action name="core.edit" title="edit" description="Allow users in the group to edit (all) items in this category. Note item must have this category as main category." />
		<action name="core.edit.own" title="edit own" description="Allow users in the group to edit their (owned) items in this category. Note item must have this category as main category." />
		<action name="core.edit.state" title="edit state" description="Allow users in the group to alter the publication state of items in this category. Note item must have this category as main category." />
		<action name="core.edit.state.own" title="edit state own" description="Allow users in the group to alter the publication state of their (owned) items in this category. Note item must have this category as main category." />
	</section>

	<section name="article">
		<action name="core.delete" title="Delete this item" description="This item can be deleted by members of this user group" />
		<action name="core.delete.own" title="Delete this item if owned" description="This item can be deleted by the user that owns it" />
		<action name="core.edit" title="Edit this item" description="This item can be edited by members of this user group" />
		<action name="core.edit.own" title="Edit this item if owned" description="This item can be edited by the user that owns it" />
		<action name="core.edit.state" title="Publish this item" description="This item can have its publication state altered by members of this user group" />
		<action name="core.edit.state.own" title="Publish this item if owned" description="This item can have its publication state altered by the user that owns it" />
	</section>
	
	<section name="field">
		<action name="flexicontent.editfieldvalues" title="edit values" description="This field's -values- (item form) can be edited by members of this user group" />
		<action name="flexicontent.editfield" title="edit configuration" description="This field can be edited by members of this user group" />
		<action name="flexicontent.deletefield" title="delete field" description="This field can be deleted by members of this user group" />
		<action name="flexicontent.publishfield" title="publish field" description="This field can be publiished by members of this user group" />
	</section>
	
</access>
